Sample_ID_short,Sample_ID,Sample_ID_dot,cycle,Sizefractionmm,max_size,biomass,Date,LATITUDE,LONGITUDE,day_night,day_night_0_1,Cast,temperature_C,SPAR,PAR,intergrated_chl,PAR_1_depth,Par1,ParSurf,Latitude,Longitude,chl_max,chl_max_depth,Latitude_chl_max_table,Cycle,Depthm,NO3,NO2,NH4,PO4,SIL,biomass_dry,Nreads_coi,Nreads18s,Volume_Filtered_m3,biomass_normalized,"prDM: Pressure, Digiquartz [db]","sbeox0V: Oxygen raw, SBE 43 [V]",spar,par,"CStarAt0: Beam Attenuation, WET Labs C-Star [1/m]","CStarTr0: Beam Transmission, WET Labs C-Star [%]",fluorescence,latitude: Latitude [deg],longitude: Longitude [deg],depth,potemp1,potemp2,Sal1,Sal2,density1,density2,oxy_mlL,"sbox0Mm/Kg: Oxygen, SBE 43 [umol/kg], WS = 2",oxy_sat,SUNA_Nitrate,hypoxia_ml_l,hypoxia_depth,beam_val,beam_depth,mixedlayerdepths,nitracline_depth,nitrate,distance_from_shore
C1-T7-H9,C1-T7-H9_S1,C1.T7.H9_S1,1,0.2-0.5,0.5,0.4875,07/25/2021,36.18643333,-122.4661,day,1,44,12.60188444,0,0.008714578,43.229,9,0.0018659,0.18659,36.15974,-122.48814,4.7989,14.88966667,36.15864,1,21.16666667,17.5485,0.271166667,0.108,1.386,16.9485,511.4,47715,197933,282,1.813475177,12.5,1.77424375,0,NaN,0.4750625,88.80444375,4.377575,36.1597375,-122.488156875,12.4080625,NaN,13.6354125,NaN,33.72105625,NaN,25.27231875,4.1098125,179.34075,68.65825,7.77727898131521,1.9864,127.52,88.585,10.919,34.3175147058824,4.793,4.026,54.4508962247715
C1-T7-H9,C1-T7-H9_S2,C1.T7.H9_S2,1,0.5-1,1,0.4059,07/25/2021,36.18643333,-122.4661,day,1,44,12.60188444,0,0.008714578,43.229,9,0.0018659,0.18659,36.15974,-122.48814,4.7989,14.88966667,36.15864,1,21.16666667,17.5485,0.271166667,0.108,1.386,16.9485,380.5,17547,217651,282,1.34929078,12.5,1.77424375,0,NaN,0.4750625,88.80444375,4.377575,36.1597375,-122.488156875,12.4080625,NaN,13.6354125,NaN,33.72105625,NaN,25.27231875,4.1098125,179.34075,68.65825,7.77727898131521,1.9864,127.52,88.585,10.919,34.3175147058824,4.793,4.026,54.4508962247715
C1-T7-H9,C1-T7-H9_S3,C1.T7.H9_S3,1,2-Jan,2,0.4542,07/25/2021,36.18643333,-122.4661,day,1,44,12.60188444,0,0.008714578,43.229,9,0.0018659,0.18659,36.15974,-122.48814,4.7989,14.88966667,36.15864,1,21.16666667,17.5485,0.271166667,0.108,1.386,16.9485,328.6,23858,88753,282,1.165248227,12.5,1.77424375,0,NaN,0.4750625,88.80444375,4.377575,36.1597375,-122.488156875,12.4080625,NaN,13.6354125,NaN,33.72105625,NaN,25.27231875,4.1098125,179.34075,68.65825,7.77727898131521,1.9864,127.52,88.585,10.919,34.3175147058824,4.793,4.026,54.4508962247715
C1-T8-H10,C1-T8-H10_S1,C1.T8.H10_S1,1,0.2-0.5,0.5,0.3338,07/25/2021,36.11381667,-122.4958167,night,0,45,13.46435556,1893.944444,63.34506289,93.982,30,5.0888,508.88,36.11586,-122.49964,3.9444,33.74833333,36.11584,1,15,6.879666667,0.293333333,0.519666667,0.619,4.617666667,330.7,17718,71435,286,1.156293706,12.5,1.8576,1980.49375,166.2829375,0.41373125,90.1829,3.06598125,36.115865,-122.49964,12.408125,NaN,14.52624375,NaN,33.7726125,NaN,25.12710625,4.38318125,191.5323125,73.9570625,3.54245731044247,1.9949,117.599,88.89415,8.4375,39.6078489795917,5.056,3.301,57.2760460962315
C1-T8-H10,C1-T8-H10_S2,C1.T8.H10_S2,1,0.5-1,1,0.1772,07/25/2021,36.11381667,-122.4958167,night,0,45,13.46435556,1893.944444,63.34506289,93.982,30,5.0888,508.88,36.11586,-122.49964,3.9444,33.74833333,36.11584,1,15,6.879666667,0.293333333,0.519666667,0.619,4.617666667,233.5,12721,28521,286,0.816433566,12.5,1.8576,1980.49375,166.2829375,0.41373125,90.1829,3.06598125,36.115865,-122.49964,12.408125,NaN,14.52624375,NaN,33.7726125,NaN,25.12710625,4.38318125,191.5323125,73.9570625,3.54245731044247,1.9949,117.599,88.89415,8.4375,39.6078489795917,5.056,3.301,57.2760460962315
C1-T8-H10,C1-T8-H10_S3,C1.T8.H10_S3,1,2-Jan,2,0.181,07/25/2021,36.11381667,-122.4958167,night,0,45,13.46435556,1893.944444,63.34506289,93.982,30,5.0888,508.88,36.11586,-122.49964,3.9444,33.74833333,36.11584,1,15,6.879666667,0.293333333,0.519666667,0.619,4.617666667,348.6,33721,79960,286,1.218881119,12.5,1.8576,1980.49375,166.2829375,0.41373125,90.1829,3.06598125,36.115865,-122.49964,12.408125,NaN,14.52624375,NaN,33.7726125,NaN,25.12710625,4.38318125,191.5323125,73.9570625,3.54245731044247,1.9949,117.599,88.89415,8.4375,39.6078489795917,5.056,3.301,57.2760460962315
C2-T8-H18,C2-T8-H18_S1,C2.T8.H18_S1,2,0.2-0.5,0.5,0.448,07/30/2021,36.42905,-123.0914,night,0,61,13.20203778,9.7753,0.003969278,10.001,6,0.0013275,0.13275,36.39188,-122.90918,8.5157,14.88933333,36.39164333,2,22,6.914333333,0.221166667,0.129666667,0.475166667,5.279,NaN,33927,162652,303,NaN,7.5,1.74255,9.7753,NaN,0.16025,96.07305,1.7352,36.39188,-122.90918,7.4445,NaN,15.59365,NaN,33.34975,NaN,24.5697,3.69485,161.1605,64.668,6.24846044851333,1.99165,127.517,85.2549,14.889,12.3612075471698,4.771,4.664,89.044679322322
C2-T8-H18,C2-T8-H18_S2,C2.T8.H18_S2,2,0.5-1,1,0.2629,07/30/2021,36.42905,-123.0914,night,0,61,13.20203778,9.7753,0.003969278,10.001,6,0.0013275,0.13275,36.39188,-122.90918,8.5157,14.88933333,36.39164333,2,22,6.914333333,0.221166667,0.129666667,0.475166667,5.279,NaN,25197,186753,303,NaN,7.5,1.74255,9.7753,NaN,0.16025,96.07305,1.7352,36.39188,-122.90918,7.4445,NaN,15.59365,NaN,33.34975,NaN,24.5697,3.69485,161.1605,64.668,6.24846044851333,1.99165,127.517,85.2549,14.889,12.3612075471698,4.771,4.664,89.044679322322
C2-T8-H18,C2-T8-H18_S3,C2.T8.H18_S3,2,2-Jan,2,0.33,07/30/2021,36.42905,-123.0914,night,0,61,13.20203778,9.7753,0.003969278,10.001,6,0.0013275,0.13275,36.39188,-122.90918,8.5157,14.88933333,36.39164333,2,22,6.914333333,0.221166667,0.129666667,0.475166667,5.279,NaN,15569,164656,303,NaN,7.5,1.74255,9.7753,NaN,0.16025,96.07305,1.7352,36.39188,-122.90918,7.4445,NaN,15.59365,NaN,33.34975,NaN,24.5697,3.69485,161.1605,64.668,6.24846044851333,1.99165,127.517,85.2549,14.889,12.3612075471698,4.771,4.664,89.044679322322
C2-T9-H19,C2-T9-H19_S1,C2.T9.H19_S1,2,0.2-0.5,0.5,0.2085,07/31/2021,36.46061667,-123.226,day,1,64,14.21645111,9.7753,0.00268568,11.23,6,0.0010162,0.10162,36.44714,-123.15536,4.107233333,30.76966667,36.44714,2,23.4,7.3326,0.3052,0.433,0.668,5.1062,551,NaN,NaN,252,2.186507937,7.5,1.83095,9.7753,NaN,0.1642,95.97805,1.59615,36.44714,-123.15536,7.4445,NaN,15.85675,NaN,32.7728,NaN,24.06715,4.12595,181.0085,69.2275,5.85029268707215,1.99835,129.5,92.2632,26.8,18.626998198057,4.576,4.701,107.295262983128
C2-T9-H19,C2-T9-H19_S2,C2.T9.H19_S2,2,0.5-1,1,0.2511,07/31/2021,36.46061667,-123.226,day,1,64,14.21645111,9.7753,0.00268568,11.23,6,0.0010162,0.10162,36.44714,-123.15536,4.107233333,30.76966667,36.44714,2,23.4,7.3326,0.3052,0.433,0.668,5.1062,203.8,31844,106824,252,0.808730159,7.5,1.83095,9.7753,NaN,0.1642,95.97805,1.59615,36.44714,-123.15536,7.4445,NaN,15.85675,NaN,32.7728,NaN,24.06715,4.12595,181.0085,69.2275,5.85029268707215,1.99835,129.5,92.2632,26.8,18.626998198057,4.576,4.701,107.295262983128
C2-T9-H19,C2-T9-H19_S3,C2.T9.H19_S3,2,2-Jan,2,0.1206,07/31/2021,36.46061667,-123.226,day,1,64,14.21645111,9.7753,0.00268568,11.23,6,0.0010162,0.10162,36.44714,-123.15536,4.107233333,30.76966667,36.44714,2,23.4,7.3326,0.3052,0.433,0.668,5.1062,144.6,109380,82491,252,0.573809524,7.5,1.83095,9.7753,NaN,0.1642,95.97805,1.59615,36.44714,-123.15536,7.4445,NaN,15.85675,NaN,32.7728,NaN,24.06715,4.12595,181.0085,69.2275,5.85029268707215,1.99835,129.5,92.2632,26.8,18.626998198057,4.576,4.701,107.295262983128
C3-T6-H25,C3-T6-H25_S1,C3.T6.H25_S1,3,0.2-0.5,0.5,0.1046,08/05/2021,34.56041667,-130.477,night,0,79,17.5333,2479.706667,645.7222222,8.3977,103,15.522,1552.2,34.5811,-130.49393,0.642766667,109.1806667,34.58108,3,22.5,-0.069,0.0165,-0.013,0.336,1.0475,80.8,7541,89520,290,0.27862069,12.5,1.9759875,2482.01875,1088.520625,0.0151375,99.6220625,-0.00258125,34.58111875,-130.49370625,12.40975,NaN,18.84853125,NaN,32.70948125,NaN,23.309125,4.23555,185.02225,79.10425,-2.13450856955258,1.99645,349.6695,99.4589,22.833,36.934438538206,114.277,1.371,772.339220752146
C3-T6-H25,C3-T6-H25_S2,C3.T6.H25_S2,3,0.5-1,1,0.0667,08/05/2021,34.56041667,-130.477,night,0,79,17.5333,2479.706667,645.7222222,8.3977,103,15.522,1552.2,34.5811,-130.49393,0.642766667,109.1806667,34.58108,3,22.5,-0.069,0.0165,-0.013,0.336,1.0475,53.8,2613,64821,290,0.185517241,12.5,1.9759875,2482.01875,1088.520625,0.0151375,99.6220625,-0.00258125,34.58111875,-130.49370625,12.40975,NaN,18.84853125,NaN,32.70948125,NaN,23.309125,4.23555,185.02225,79.10425,-2.13450856955258,1.99645,349.6695,99.4589,22.833,36.934438538206,114.277,1.371,772.339220752146
C3-T6-H25,C3-T6-H25_S3,C3.T6.H25_S3,3,2-Jan,2,0.0784,08/05/2021,34.56041667,-130.477,night,0,79,17.5333,2479.706667,645.7222222,8.3977,103,15.522,1552.2,34.5811,-130.49393,0.642766667,109.1806667,34.58108,3,22.5,-0.069,0.0165,-0.013,0.336,1.0475,77.6,NaN,5348,290,0.267586207,12.5,1.9759875,2482.01875,1088.520625,0.0151375,99.6220625,-0.00258125,34.58111875,-130.49370625,12.40975,NaN,18.84853125,NaN,32.70948125,NaN,23.309125,4.23555,185.02225,79.10425,-2.13450856955258,1.99645,349.6695,99.4589,22.833,36.934438538206,114.277,1.371,772.339220752146
C3-T7-H26,C3-T7-H26_S1,C3.T7.H26_S1,3,0.2-0.5,0.5,0.0835,08/06/2021,34.52751667,-130.4594667,day,1,81,17.48077333,0,0.007902333,0.053271,7,0.0019562,0.19562,34.5417,-130.46486,0.657333333,105.2116667,34.54166,3,22.5,-0.061,0.0215,-0.0135,0.3,1.2055,89.3,22054,154302,280,0.318928571,12.5,1.84620625,0,NaN,0.0121875,99.69578125,0.03025,34.5417,-130.464860625,12.40975,NaN,18.9034875,NaN,32.6949375,NaN,23.2842875,3.94855,172.76575,72.4185,-2.12350230622819,1.9995,361.5635,99.5131,22.834,34.4453028169014,109.923,1.202,772.390654633614
C3-T7-H26,C3-T7-H26_S2,C3.T7.H26_S2,3,0.5-1,1,0.0807,08/06/2021,34.52751667,-130.4594667,day,1,81,17.48077333,0,0.007902333,0.053271,7,0.0019562,0.19562,34.5417,-130.46486,0.657333333,105.2116667,34.54166,3,22.5,-0.061,0.0215,-0.0135,0.3,1.2055,51.6,6271,33267,280,0.184285714,12.5,1.84620625,0,NaN,0.0121875,99.69578125,0.03025,34.5417,-130.464860625,12.40975,NaN,18.9034875,NaN,32.6949375,NaN,23.2842875,3.94855,172.76575,72.4185,-2.12350230622819,1.9995,361.5635,99.5131,22.834,34.4453028169014,109.923,1.202,772.390654633614
C3-T7-H26,C3-T7-H26_S3,C3.T7.H26_S3,3,2-Jan,2,0.075,08/06/2021,34.52751667,-130.4594667,day,1,81,17.48077333,0,0.007902333,0.053271,7,0.0019562,0.19562,34.5417,-130.46486,0.657333333,105.2116667,34.54166,3,22.5,-0.061,0.0215,-0.0135,0.3,1.2055,25.4,12762,214,280,0.090714286,12.5,1.84620625,0,NaN,0.0121875,99.69578125,0.03025,34.5417,-130.464860625,12.40975,NaN,18.9034875,NaN,32.6949375,NaN,23.2842875,3.94855,172.76575,72.4185,-2.12350230622819,1.9995,361.5635,99.5131,22.834,34.4453028169014,109.923,1.202,772.390654633614
CT1-T1-H28,CT1-T1-H28_S1,CT1.T1.H28_S1,T1,0.2-0.5,0.5,0.1587,08/07/2021,34.96055,-128.57555,night,0,85,16.43597333,0,1e-12,112.6,5,1e-14,1e-12,34.96,-128.57536,2.921366667,43.67766667,34.96,T1,23.33333333,0.207,0.013,0.021666667,0.370333333,1.022333333,194.3,5929,432064,279,0.696415771,12.5,1.74516875,0,NaN,0.09196875,97.7377625,0.26435,34.960016875,-128.57533,12.409375,NaN,17.38964375,NaN,32.97244375,NaN,23.8663625,3.61255625,157.7295,65.336625,-1.44888310716851,1.994,361.5505,96.6956,39.707,44.1243394383394,59.8,1.881,602.663124454706
CT1-T1-H28,CT1-T1-H28_S2,CT1.T1.H28_S2,T1,0.5-1,1,0.2434,08/07/2021,34.96055,-128.57555,night,0,85,16.43597333,0,1e-12,112.6,5,1e-14,1e-12,34.96,-128.57536,2.921366667,43.67766667,34.96,T1,23.33333333,0.207,0.013,0.021666667,0.370333333,1.022333333,246.8,5837,248048,279,0.884587814,12.5,1.74516875,0,NaN,0.09196875,97.7377625,0.26435,34.960016875,-128.57533,12.409375,NaN,17.38964375,NaN,32.97244375,NaN,23.8663625,3.61255625,157.7295,65.336625,-1.44888310716851,1.994,361.5505,96.6956,39.707,44.1243394383394,59.8,1.881,602.663124454706
CT1-T1-H28,CT1-T1-H28_S3,CT1.T1.H28_S3,T1,2-Jan,2,0.3023,08/07/2021,34.96055,-128.57555,night,0,85,16.43597333,0,1e-12,112.6,5,1e-14,1e-12,34.96,-128.57536,2.921366667,43.67766667,34.96,T1,23.33333333,0.207,0.013,0.021666667,0.370333333,1.022333333,330.2,37511,54970,279,1.183512545,12.5,1.74516875,0,NaN,0.09196875,97.7377625,0.26435,34.960016875,-128.57533,12.409375,NaN,17.38964375,NaN,32.97244375,NaN,23.8663625,3.61255625,157.7295,65.336625,-1.44888310716851,1.994,361.5505,96.6956,39.707,44.1243394383394,59.8,1.881,602.663124454706
CT1-T2-H29,CT1-T2-H29_S1,CT1.T2.H29_S1,T1,0.2-0.5,0.5,0.1443,08/08/2021,35.0498,-127.5727667,day,1,86,17.78114667,9.290272622,0.017889813,0.1229,11,0.002504,0.2504,35.04922,-127.57206,0.948566667,70.47466667,35.0492,T1,17.5,-0.06,0.0065,0.0035,0.3345,1.135,108.9,28052,205009,278,0.391726619,12.5,1.77429375,9.7753,NaN,0.00575625,99.85621875,0.0202625,35.04922375,-127.57206,12.4093125,NaN,18.16554375,NaN,32.7602,NaN,23.51706875,3.833675,167.9186875,68.402375,-1.51467790189446,1.98875,312.9815,99.2897,58.565,49.9071457364341,80.1,1.595,524.184084319894
CT1-T2-H29,CT1-T2-H29_S2,CT1.T2.H29_S2,T1,0.5-1,1,0.0695,08/08/2021,35.0498,-127.5727667,day,1,86,17.78114667,9.290272622,0.017889813,0.1229,11,0.002504,0.2504,35.04922,-127.57206,0.948566667,70.47466667,35.0492,T1,17.5,-0.06,0.0065,0.0035,0.3345,1.135,76.1,13540,235254,278,0.273741007,12.5,1.77429375,9.7753,NaN,0.00575625,99.85621875,0.0202625,35.04922375,-127.57206,12.4093125,NaN,18.16554375,NaN,32.7602,NaN,23.51706875,3.833675,167.9186875,68.402375,-1.51467790189446,1.98875,312.9815,99.2897,58.565,49.9071457364341,80.1,1.595,524.184084319894
CT1-T2-H29,CT1-T2-H29_S3,CT1.T2.H29_S3,T1,2-Jan,2,0.0813,08/08/2021,35.0498,-127.5727667,day,1,86,17.78114667,9.290272622,0.017889813,0.1229,11,0.002504,0.2504,35.04922,-127.57206,0.948566667,70.47466667,35.0492,T1,17.5,-0.06,0.0065,0.0035,0.3345,1.135,79.6,1791,144185,278,0.286330935,12.5,1.77429375,9.7753,NaN,0.00575625,99.85621875,0.0202625,35.04922375,-127.57206,12.4093125,NaN,18.16554375,NaN,32.7602,NaN,23.51706875,3.833675,167.9186875,68.402375,-1.51467790189446,1.98875,312.9815,99.2897,58.565,49.9071457364341,80.1,1.595,524.184084319894
CT1-T3-H30,CT1-T3-H30_S1,CT1.T3.H30_S1,T1,0.2-0.5,0.5,0.0478,08/08/2021,35.02288333,-126.6351667,day,1,87,17.79369333,0.067423356,167.3807333,24.685,86,4.8858,488.58,35.02208,-126.63502,1.302366667,78.41433333,35.02208,T1,17.5,-0.073,0.0085,0.007,0.3345,1.0805,67.2,48297,121772,301,0.223255814,12.5,1.81625,NaN,272.38125,0.00865,99.7835125,0.00883125,35.02211125,-126.63502,12.409375,NaN,18.16806875,NaN,32.75895,NaN,23.51549375,3.82301875,166.83075,70.3971875,-1.91567815757353,1.9975,258.4555,99.032,73.452,47.521482869379,94.339,5.631,450.78657056882
CT1-T3-H30,CT1-T3-H30_S2,CT1.T3.H30_S2,T1,0.5-1,1,0.0155,08/08/2021,35.02288333,-126.6351667,day,1,87,17.79369333,0.067423356,167.3807333,24.685,86,4.8858,488.58,35.02208,-126.63502,1.302366667,78.41433333,35.02208,T1,17.5,-0.073,0.0085,0.007,0.3345,1.0805,36.9,1959,47638,301,0.122591362,12.5,1.81625,NaN,272.38125,0.00865,99.7835125,0.00883125,35.02211125,-126.63502,12.409375,NaN,18.16806875,NaN,32.75895,NaN,23.51549375,3.82301875,166.83075,70.3971875,-1.91567815757353,1.9975,258.4555,99.032,73.452,47.521482869379,94.339,5.631,450.78657056882
CT1-T3-H30,CT1-T3-H30_S3,CT1.T3.H30_S3,T1,2-Jan,2,0.0305,08/08/2021,35.02288333,-126.6351667,day,1,87,17.79369333,0.067423356,167.3807333,24.685,86,4.8858,488.58,35.02208,-126.63502,1.302366667,78.41433333,35.02208,T1,17.5,-0.073,0.0085,0.007,0.3345,1.0805,23.1,79,33851,301,0.076744186,12.5,1.81625,NaN,272.38125,0.00865,99.7835125,0.00883125,35.02211125,-126.63502,12.409375,NaN,18.16806875,NaN,32.75895,NaN,23.51549375,3.82301875,166.83075,70.3971875,-1.91567815757353,1.9975,258.4555,99.032,73.452,47.521482869379,94.339,5.631,450.78657056882
CT1-T4-H31,CT1-T4-H31_S1,CT1.T4.H31_S1,T1,0.2-0.5,0.5,0.13,08/09/2021,35.09508333,-125.5235333,night,0,88,17.46055778,1641.426667,56.25766667,39.938,84,0.86408,86.408,35.09446,-125.52306,1.3489,58.56533333,35.09444,T1,13.5,-0.0975,0.01,-0.0155,0.331,0.9545,NaN,NaN,146004,328,NaN,12.5,1.98914375,1666.39375,71.6333125,0.04278125,98.9361875,0.04135,35.094489375,-125.52305875,12.4091875,NaN,18.11386875,NaN,32.751575,NaN,23.52309375,4.28223125,186.9898125,78.3553125,-2.05196159461966,1.99155,276.3005,97.9181,50.625,43.3434390955507,81.135,2.392,353.655939666171
CT1-T4-H31,CT1-T4-H31_S2,CT1.T4.H31_S2,T1,0.5-1,1,0.114,08/09/2021,35.09508333,-125.5235333,night,0,88,17.46055778,1641.426667,56.25766667,39.938,84,0.86408,86.408,35.09446,-125.52306,1.3489,58.56533333,35.09444,T1,13.5,-0.0975,0.01,-0.0155,0.331,0.9545,NaN,3209,30438,328,NaN,12.5,1.98914375,1666.39375,71.6333125,0.04278125,98.9361875,0.04135,35.094489375,-125.52305875,12.4091875,NaN,18.11386875,NaN,32.751575,NaN,23.52309375,4.28223125,186.9898125,78.3553125,-2.05196159461966,1.99155,276.3005,97.9181,50.625,43.3434390955507,81.135,2.392,353.655939666171
CT1-T4-H31,CT1-T4-H31_S3,CT1.T4.H31_S3,T1,2-Jan,2,0.2006,08/09/2021,35.09508333,-125.5235333,night,0,88,17.46055778,1641.426667,56.25766667,39.938,84,0.86408,86.408,35.09446,-125.52306,1.3489,58.56533333,35.09444,T1,13.5,-0.0975,0.01,-0.0155,0.331,0.9545,NaN,9451,6100,328,NaN,12.5,1.98914375,1666.39375,71.6333125,0.04278125,98.9361875,0.04135,35.094489375,-125.52305875,12.4091875,NaN,18.11386875,NaN,32.751575,NaN,23.52309375,4.28223125,186.9898125,78.3553125,-2.05196159461966,1.99155,276.3005,97.9181,50.625,43.3434390955507,81.135,2.392,353.655939666171
CT1-T5-H32,CT1-T5-H32_S1,CT1.T5.H32_S1,T1,0.2-0.5,0.5,0.1792,08/09/2021,35.11383333,-124.7212667,night,0,89,16.63273333,1.572849778,1e-12,105.72,5,1e-14,1e-12,35.11258,-124.72092,2.300733333,44.66966667,35.11258667,T1,23.33333333,0.115333333,0.032,0.021333333,0.364,1.203666667,NaN,13202,204840,265,NaN,12.5,2.0356375,1.9551,NaN,0.03664375,99.08781875,0.1357875,35.11261375,-124.720881875,12.4091875,NaN,17.41111875,NaN,32.63924375,NaN,23.60625,4.605275,201.47925,81.763,-1.36123764260737,1.99585,295.1365,97.2894,40.7,40.373965,60.184,2.414,287.154637508673
CT1-T5-H32,CT1-T5-H32_S2,CT1.T5.H32_S2,T1,0.5-1,1,0.2604,08/09/2021,35.11383333,-124.7212667,night,0,89,16.63273333,1.572849778,1e-12,105.72,5,1e-14,1e-12,35.11258,-124.72092,2.300733333,44.66966667,35.11258667,T1,23.33333333,0.115333333,0.032,0.021333333,0.364,1.203666667,NaN,24690,120347,265,NaN,12.5,2.0356375,1.9551,NaN,0.03664375,99.08781875,0.1357875,35.11261375,-124.720881875,12.4091875,NaN,17.41111875,NaN,32.63924375,NaN,23.60625,4.605275,201.47925,81.763,-1.36123764260737,1.99585,295.1365,97.2894,40.7,40.373965,60.184,2.414,287.154637508673
CT1-T5-H32,CT1-T5-H32_S3,CT1.T5.H32_S3,T1,2-Jan,2,0.2699,08/09/2021,35.11383333,-124.7212667,night,0,89,16.63273333,1.572849778,1e-12,105.72,5,1e-14,1e-12,35.11258,-124.72092,2.300733333,44.66966667,35.11258667,T1,23.33333333,0.115333333,0.032,0.021333333,0.364,1.203666667,NaN,25214,28476,265,NaN,12.5,2.0356375,1.9551,NaN,0.03664375,99.08781875,0.1357875,35.11261375,-124.720881875,12.4091875,NaN,17.41111875,NaN,32.63924375,NaN,23.60625,4.605275,201.47925,81.763,-1.36123764260737,1.99585,295.1365,97.2894,40.7,40.373965,60.184,2.414,287.154637508673
CT1-T6-H33,CT1-T6-H33_S1,CT1.T6.H33_S1,T1,0.2-0.5,0.5,0.129,08/09/2021,35.15776667,-123.8861167,day,1,90,17.24446875,0,4.797083333,44.366,78,0.16129,16.129,35.15724,-123.88552,1.4834,55.58733333,35.15724,T1,23.33333333,-0.021333333,0.004,0.008,0.339,1.184,151.7,5024,266734,297,0.510774411,11,2.07621052631579,0,8.17528421052632,0.0170578947368421,99.5745368421053,0.0678,35.1573063157895,-123.885482631579,10.9201052631579,17.6752842105263,17.6749473684211,32.7749842105263,32.7639842105263,23.6471157894737,23.6387842105263,NaN,204.658842105263,NaN,-0.950044667061712,2.4454,286.213,98.036,47.647,43.8642049180329,89.237,2.322,220.305053943031
CT1-T6-H33,CT1-T6-H33_S2,CT1.T6.H33_S2,T1,0.5-1,1,0.2005,08/09/2021,35.15776667,-123.8861167,day,1,90,17.24446875,0,4.797083333,44.366,78,0.16129,16.129,35.15724,-123.88552,1.4834,55.58733333,35.15724,T1,23.33333333,-0.021333333,0.004,0.008,0.339,1.184,137.2,8143,98895,297,0.461952862,11,2.07621052631579,0,8.17528421052632,0.0170578947368421,99.5745368421053,0.0678,35.1573063157895,-123.885482631579,10.9201052631579,17.6752842105263,17.6749473684211,32.7749842105263,32.7639842105263,23.6471157894737,23.6387842105263,NaN,204.658842105263,NaN,-0.950044667061712,2.4454,286.213,98.036,47.647,43.8642049180329,89.237,2.322,220.305053943031
CT1-T6-H33,CT1-T6-H33_S3,CT1.T6.H33_S3,T1,2-Jan,2,0.135,08/09/2021,35.15776667,-123.8861167,day,1,90,17.24446875,0,4.797083333,44.366,78,0.16129,16.129,35.15724,-123.88552,1.4834,55.58733333,35.15724,T1,23.33333333,-0.021333333,0.004,0.008,0.339,1.184,135.1,603,9582,297,0.454882155,11,2.07621052631579,0,8.17528421052632,0.0170578947368421,99.5745368421053,0.0678,35.1573063157895,-123.885482631579,10.9201052631579,17.6752842105263,17.6749473684211,32.7749842105263,32.7639842105263,23.6471157894737,23.6387842105263,NaN,204.658842105263,NaN,-0.950044667061712,2.4454,286.213,98.036,47.647,43.8642049180329,89.237,2.322,220.305053943031
CT1-T7-H34,CT1-T7-H34_S1,CT1.T7.H34_S1,T1,0.2-0.5,0.5,0.316,08/09/2021,35.20463333,-123.1011833,day,1,92,14.92809787,1359.061702,72.78910426,61.179,55,3.8571,385.71,35.2045,-123.10116,1.644233333,44.66933333,35.2045,T1,23.75,4.7105,0.18025,0.1955,0.55525,2.63575,427.3,6797,94039,331,1.290936556,11.5,2.24008333333333,1318.78888888889,158.751388888889,0.104144444444444,97.4303666666667,0.991344444444444,35.2045,-123.10116,11.4163888888889,16.2248722222222,16.2297888888889,33.6460222222222,33.6315222222222,24.6548666666667,24.6426277777778,NaN,227.0985,NaN,-1.89020369352288,1.99555,272.3325,97.2785,8.935,49.8938901098902,5.198,1.119,164.323309541035
CT1-T7-H34,CT1-T7-H34_S2,CT1.T7.H34_S2,T1,0.5-1,1,0.503,08/09/2021,35.20463333,-123.1011833,day,1,92,14.92809787,1359.061702,72.78910426,61.179,55,3.8571,385.71,35.2045,-123.10116,1.644233333,44.66933333,35.2045,T1,23.75,4.7105,0.18025,0.1955,0.55525,2.63575,498.6,40092,91276,331,1.506344411,11.5,2.24008333333333,1318.78888888889,158.751388888889,0.104144444444444,97.4303666666667,0.991344444444444,35.2045,-123.10116,11.4163888888889,16.2248722222222,16.2297888888889,33.6460222222222,33.6315222222222,24.6548666666667,24.6426277777778,NaN,227.0985,NaN,-1.89020369352288,1.99555,272.3325,97.2785,8.935,49.8938901098902,5.198,1.119,164.323309541035
CT1-T7-H34,CT1-T7-H34_S3,CT1.T7.H34_S3,T1,2-Jan,2,0.411,08/09/2021,35.20463333,-123.1011833,day,1,92,14.92809787,1359.061702,72.78910426,61.179,55,3.8571,385.71,35.2045,-123.10116,1.644233333,44.66933333,35.2045,T1,23.75,4.7105,0.18025,0.1955,0.55525,2.63575,458.7,12882,53479,331,1.385800604,11.5,2.24008333333333,1318.78888888889,158.751388888889,0.104144444444444,97.4303666666667,0.991344444444444,35.2045,-123.10116,11.4163888888889,16.2248722222222,16.2297888888889,33.6460222222222,33.6315222222222,24.6548666666667,24.6426277777778,NaN,227.0985,NaN,-1.89020369352288,1.99555,272.3325,97.2785,8.935,49.8938901098902,5.198,1.119,164.323309541035
CT1-T8-H35,CT1-T8-H35_S1,CT1.T8.H35_S1,T1,0.2-0.5,0.5,0.1962,08/10/2021,35.1785,-122.30045,night,0,93,14.68870222,9.7753,0.008458604,8.3863,10,0.0010773,0.10773,35.1769,-122.29938,1.631833333,24.81766667,23.45125333,T1,20.75,1.831,0.13575,0.52375,0.41225,2.2655,NaN,9908,334479,264,NaN,12.5,1.6723125,9.7753,NaN,0.0787375,98.0699875,1.00973125,35.1769,-122.29938,12.4091875,NaN,16.601525,NaN,33.49135,NaN,24.4496125,3.5091,153.0914375,62.516375,NaN,1.99955,211.846,96.5668,19.854,30.7623714285714,34.766,5.244,119.484327228147
CT1-T8-H35,CT1-T8-H35_S2,CT1.T8.H35_S2,T1,0.5-1,1,0.3516,08/10/2021,35.1785,-122.30045,night,0,93,14.68870222,9.7753,0.008458604,8.3863,10,0.0010773,0.10773,35.1769,-122.29938,1.631833333,24.81766667,23.45125333,T1,20.75,1.831,0.13575,0.52375,0.41225,2.2655,NaN,27485,126034,264,NaN,12.5,1.6723125,9.7753,NaN,0.0787375,98.0699875,1.00973125,35.1769,-122.29938,12.4091875,NaN,16.601525,NaN,33.49135,NaN,24.4496125,3.5091,153.0914375,62.516375,NaN,1.99955,211.846,96.5668,19.854,30.7623714285714,34.766,5.244,119.484327228147
CT1-T8-H35,CT1-T8-H35_S3,CT1.T8.H35_S3,T1,2-Jan,2,0.9787,08/10/2021,35.1785,-122.30045,night,0,93,14.68870222,9.7753,0.008458604,8.3863,10,0.0010773,0.10773,35.1769,-122.29938,1.631833333,24.81766667,23.45125333,T1,20.75,1.831,0.13575,0.52375,0.41225,2.2655,NaN,30888,61531,264,NaN,12.5,1.6723125,9.7753,NaN,0.0787375,98.0699875,1.00973125,35.1769,-122.29938,12.4091875,NaN,16.601525,NaN,33.49135,NaN,24.4496125,3.5091,153.0914375,62.516375,NaN,1.99955,211.846,96.5668,19.854,30.7623714285714,34.766,5.244,119.484327228147
CT2-T1-H36,CT2-T1-H36_S1,CT2.T1.H36_S1,T2,0.2-0.5,0.5,0.179,08/10/2021,35.56326667,-121.6068833,day,1,95,13.60420811,143.2751351,1.885585946,68.88,60,0.080728,8.0728,35.5628,-121.6062,2.443066667,19.85366667,17.7814,NA,NaN,NaN,NaN,NaN,NaN,NaN,NaN,11440,218062,273,NaN,16.5,1.8356875,134.9,5.423825,0.1793625,95.616775,2.00485,31.11745,-121.606165,16.379375,NaN,15.831225,NaN,33.3592625,NaN,24.523775,4.09455,178.764125,70.634,NaN,2.233,144.391,95.402,17.868,23.8911457142857,NaN,NaN,395.828345736245
CT2-T1-H36,CT2-T1-H36_S2,CT2.T1.H36_S2,T2,0.5-1,1,0.3228,08/10/2021,35.56326667,-121.6068833,day,1,95,13.60420811,143.2751351,1.885585946,68.88,60,0.080728,8.0728,35.5628,-121.6062,2.443066667,19.85366667,17.7814,NA,NaN,NaN,NaN,NaN,NaN,NaN,NaN,54106,234313,273,NaN,16.5,1.8356875,134.9,5.423825,0.1793625,95.616775,2.00485,31.11745,-121.606165,16.379375,NaN,15.831225,NaN,33.3592625,NaN,24.523775,4.09455,178.764125,70.634,NaN,2.233,144.391,95.402,17.868,23.8911457142857,NaN,NaN,395.828345736245
CT2-T1-H36,CT2-T1-H36_S3,CT2.T1.H36_S3,T2,2-Jan,2,0.194,08/10/2021,35.56326667,-121.6068833,day,1,95,13.60420811,143.2751351,1.885585946,68.88,60,0.080728,8.0728,35.5628,-121.6062,2.443066667,19.85366667,17.7814,NA,NaN,NaN,NaN,NaN,NaN,NaN,NaN,21870,223871,273,NaN,16.5,1.8356875,134.9,5.423825,0.1793625,95.616775,2.00485,31.11745,-121.606165,16.379375,NaN,15.831225,NaN,33.3592625,NaN,24.523775,4.09455,178.764125,70.634,NaN,2.233,144.391,95.402,17.868,23.8911457142857,NaN,NaN,395.828345736245
CT2-T4-H39,CT2-T4-H39_S1,CT2.T4.H39_S1,T2,0.2-0.5,0.5,0.199,08/10/2021,35.13105,-121.2592,day,1,96,14.62491111,1041.611111,34.25830667,46.21,45,2.0429,204.29,35.42976,-121.5033,2.579066667,19.854,35.42974,NA,NaN,NaN,NaN,NaN,NaN,NaN,NaN,19294,42734,308,NaN,12.5,2.02525,1023.475,84.932875,0.15185,96.27769375,1.3498,35.42976,-121.503283125,12.408875,NaN,16.11135,NaN,33.58603125,NaN,24.6348375,4.58971875,200.068,81.589375,NaN,1.98875,244.565,96.4229,13.898,32.9056190476191,NaN,NaN,41.8635927597508
CT2-T4-H39,CT2-T4-H39_S2,CT2.T4.H39_S2,T2,0.5-1,1,0.264,08/10/2021,35.13105,-121.2592,day,1,96,14.62491111,1041.611111,34.25830667,46.21,45,2.0429,204.29,35.42976,-121.5033,2.579066667,19.854,35.42974,NA,NaN,NaN,NaN,NaN,NaN,NaN,NaN,43387,92305,308,NaN,12.5,2.02525,1023.475,84.932875,0.15185,96.27769375,1.3498,35.42976,-121.503283125,12.408875,NaN,16.11135,NaN,33.58603125,NaN,24.6348375,4.58971875,200.068,81.589375,NaN,1.98875,244.565,96.4229,13.898,32.9056190476191,NaN,NaN,41.8635927597508
CT2-T4-H39,CT2-T4-H39_S3,CT2.T4.H39_S3,T2,2-Jan,2,0.529,08/10/2021,35.13105,-121.2592,day,1,96,14.62491111,1041.611111,34.25830667,46.21,45,2.0429,204.29,35.42976,-121.5033,2.579066667,19.854,35.42974,NA,NaN,NaN,NaN,NaN,NaN,NaN,NaN,27777,238325,308,NaN,12.5,2.02525,1023.475,84.932875,0.15185,96.27769375,1.3498,35.42976,-121.503283125,12.408875,NaN,16.11135,NaN,33.58603125,NaN,24.6348375,4.58971875,200.068,81.589375,NaN,1.98875,244.565,96.4229,13.898,32.9056190476191,NaN,NaN,41.8635927597508
CT2-T8-H43,CT2-T8-H43_S1,CT2.T8.H43_S1,T2,0.2-0.5,0.5,0.199,08/11/2021,34.54325,-120.8297667,day,1,98,13.32844667,1659.324444,44.13950889,43.725,47,3.1342,313.42,35.13098,-121.25912,1.530533333,14.891,35.13094,NA,NaN,NaN,NaN,NaN,NaN,NaN,NaN,84409,191592,270,NaN,12.5,1.95838125,1684.1125,106.4940625,0.19425625,95.2631625,1.07124375,35.130994375,-121.259103125,12.4091875,NaN,15.68699375,NaN,34.03350625,NaN,25.07190625,4.3768375,190.678375,77.0835625,0.414169745704931,1.9989,161.261,94.9116,9.927,40.8331421052632,5.491,1.186,52.4082291080906
CT2-T8-H43,CT2-T8-H43_S2,CT2.T8.H43_S2,T2,0.5-1,1,0.279,08/11/2021,34.54325,-120.8297667,day,1,98,13.32844667,1659.324444,44.13950889,43.725,47,3.1342,313.42,35.13098,-121.25912,1.530533333,14.891,35.13094,NA,NaN,NaN,NaN,NaN,NaN,NaN,NaN,25805,46621,270,NaN,12.5,1.95838125,1684.1125,106.4940625,0.19425625,95.2631625,1.07124375,35.130994375,-121.259103125,12.4091875,NaN,15.68699375,NaN,34.03350625,NaN,25.07190625,4.3768375,190.678375,77.0835625,0.414169745704931,1.9989,161.261,94.9116,9.927,40.8331421052632,5.491,1.186,52.4082291080906
CT2-T8-H43,CT2-T8-H43_S3,CT2.T8.H43_S3,T2,2-Jan,2,0.168,08/11/2021,34.54325,-120.8297667,day,1,98,13.32844667,1659.324444,44.13950889,43.725,47,3.1342,313.42,35.13098,-121.25912,1.530533333,14.891,35.13094,NA,NaN,NaN,NaN,NaN,NaN,NaN,NaN,28053,116815,270,NaN,12.5,1.95838125,1684.1125,106.4940625,0.19425625,95.2631625,1.07124375,35.130994375,-121.259103125,12.4091875,NaN,15.68699375,NaN,34.03350625,NaN,25.07190625,4.3768375,190.678375,77.0835625,0.414169745704931,1.9989,161.261,94.9116,9.927,40.8331421052632,5.491,1.186,52.4082291080906
